game_id,return
2939252,2.114435992202534
2921572,1.6720953284760391
5255296,0.0
4698306,1.9550195571005777
4698377,1.8230194123090004
2992793,1.9939135781770134
2939248,0.0
2934363,0.0
4698368,2.3448248682870103
