game_id,return,n_bets,time_limit_flag
2738735,0.4066085043756587,25,True
2738739,0.0,16,True
2738740,0.13242735332388217,32,True
